<?xml version="1.0" encoding="UTF-8"?>
<root>
  <item name="com.mercury.game.util.PermissionConstants java.lang.String[] getPermissions(java.lang.String) 0">
    <annotation name="android.support.annotation.StringDef">
      <val name="value" val="{com.mercury.game.util.PermissionConstants.CALENDAR, com.mercury.game.util.PermissionConstants.CAMERA, com.mercury.game.util.PermissionConstants.CONTACTS, com.mercury.game.util.PermissionConstants.LOCATION, com.mercury.game.util.PermissionConstants.MICROPHONE, com.mercury.game.util.PermissionConstants.PHONE, com.mercury.game.util.PermissionConstants.SENSORS, com.mercury.game.util.PermissionConstants.SMS, com.mercury.game.util.PermissionConstants.STORAGE}" />
    </annotation>
  </item>
  <item name="com.mercury.game.util.PermissionConstants.Permission">
    <annotation name="android.support.annotation.StringDef">
      <val name="value" val="{com.mercury.game.util.PermissionConstants.CALENDAR, com.mercury.game.util.PermissionConstants.CAMERA, com.mercury.game.util.PermissionConstants.CONTACTS, com.mercury.game.util.PermissionConstants.LOCATION, com.mercury.game.util.PermissionConstants.MICROPHONE, com.mercury.game.util.PermissionConstants.PHONE, com.mercury.game.util.PermissionConstants.SENSORS, com.mercury.game.util.PermissionConstants.SMS, com.mercury.game.util.PermissionConstants.STORAGE}" />
    </annotation>
  </item>
  <item name="com.mercury.game.util.PermissionUtils com.mercury.game.util.PermissionUtils permission(java.lang.String...) 0">
    <annotation name="android.support.annotation.StringDef">
      <val name="value" val="{com.mercury.game.util.PermissionConstants.CALENDAR, com.mercury.game.util.PermissionConstants.CAMERA, com.mercury.game.util.PermissionConstants.CONTACTS, com.mercury.game.util.PermissionConstants.LOCATION, com.mercury.game.util.PermissionConstants.MICROPHONE, com.mercury.game.util.PermissionConstants.PHONE, com.mercury.game.util.PermissionConstants.SENSORS, com.mercury.game.util.PermissionConstants.SMS, com.mercury.game.util.PermissionConstants.STORAGE}" />
    </annotation>
  </item>
</root>

