<!--sdk-->        <meta-data android:name="channel_name" android:value="demo"/>
        <meta-data android:name="open_talkingdata" android:value="AC063F0630464D24824F5BEEE71CC7DF"/>
        <activity android:name="com.mercury.game.util.PermissionUtils$PermissionActivity"/>
        <uses-library android:name="org.apache.http.legacy" android:required="false"/>
        <activity android:name="com.luck.picture.lib.PictureSelectorActivity" android:screenOrientation="landscape"/>
        <meta-data android:name="com.google.android.gms.version" android:value="@integer/google_play_services_version"/>
        <meta-data android:name="com.facebook.sdk.ApplicationId" android:value="@string/facebook_app_id"/>
        <uses-library android:name="org.apache.http.legacy" android:required="false"/>
        <receiver android:exported="true" android:name="com.appsflyer.MultipleInstallBroadcastReceiver">
            <intent-filter>
                <action android:name="com.android.vending.INSTALL_REFERRER"/>
            </intent-filter>
        </receiver>
        <meta-data android:name="iap:api_version" android:value="5"/>
        <meta-data android:name="iap:view_option" android:value="popup"/>
        <activity android:configChanges="orientation|screenSize" android:name="com.samsung.android.sdk.iap.lib.activity.DialogActivity" android:theme="@style/Theme.Empty"/>
        <activity android:configChanges="orientation|screenSize" android:name="com.samsung.android.sdk.iap.lib.activity.CheckPackageActivity" android:theme="@style/Theme.Empty"/>
        <activity android:configChanges="orientation|screenSize" android:name="com.samsung.android.sdk.iap.lib.activity.AccountActivity" android:theme="@style/Theme.Transparent"/>
        <activity android:configChanges="orientation|screenSize" android:name="com.samsung.android.sdk.iap.lib.activity.PaymentActivity" android:theme="@style/Theme.Empty"/>
        <provider android:authorities="com.qinbatista.demo.provider" android:exported="false" android:grantUriPermissions="true" android:name="com.luck.picture.lib.PictureFileProvider">
            <meta-data android:name="android.support.FILE_PROVIDER_PATHS" android:resource="@xml/file_paths"/>
        </provider>
        <activity android:name="com.luck.picture.lib.PicturePreviewActivity"/>
        <activity android:configChanges="keyboardHidden|orientation|screenSize" android:name="com.luck.picture.lib.PictureVideoPlayActivity" android:screenOrientation="sensor"/>
        <activity android:name="com.luck.picture.lib.PictureExternalPreviewActivity"/>
        <activity android:name="com.yalantis.ucrop.UCropActivity"/>
        <activity android:name="com.yalantis.ucrop.PictureMultiCuttingActivity"/>
        <activity android:name="com.luck.picture.lib.PicturePlayAudioActivity"/>
        <activity android:configChanges="keyboard|keyboardHidden|orientation|screenLayout|screenSize" android:name="com.facebook.FacebookActivity" android:theme="@style/com_facebook_activity_theme"/>
        <activity android:name="com.facebook.CustomTabMainActivity"/>
        <activity android:name="com.facebook.CustomTabActivity"/>
        <activity android:excludeFromRecents="true" android:exported="false" android:name="com.google.android.gms.auth.api.signin.internal.SignInHubActivity" android:theme="@android:style/Theme.Translucent.NoTitleBar"/>
        <service android:exported="true" android:name="com.google.android.gms.auth.api.signin.RevocationBoundService" android:permission="com.google.android.gms.auth.api.signin.permission.REVOCATION_NOTIFICATION"/>
        <service android:exported="false" android:name="com.google.firebase.components.ComponentDiscoveryService">
            <meta-data android:name="com.google.firebase.components:com.google.firebase.analytics.connector.internal.AnalyticsConnectorRegistrar" android:value="com.google.firebase.components.ComponentRegistrar"/>
            <meta-data android:name="com.google.firebase.components:com.google.firebase.iid.Registrar" android:value="com.google.firebase.components.ComponentRegistrar"/>
        </service>
        <receiver android:exported="true" android:name="com.google.firebase.iid.FirebaseInstanceIdReceiver" android:permission="com.google.android.c2dm.permission.SEND">
            <intent-filter>
                <action android:name="com.google.android.c2dm.intent.RECEIVE"/>
            </intent-filter>
        </receiver>
        <service android:exported="true" android:name="com.google.firebase.iid.FirebaseInstanceIdService">
            <intent-filter android:priority="-500">
                <action android:name="com.google.firebase.INSTANCE_ID_EVENT"/>
            </intent-filter>
        </service>
        <activity android:exported="false" android:name="com.google.android.gms.common.api.GoogleApiActivity" android:theme="@android:style/Theme.Translucent.NoTitleBar"/>
        <provider android:authorities="com.qinbatista.demo.firebaseinitprovider" android:exported="false" android:initOrder="100" android:name="com.google.firebase.provider.FirebaseInitProvider"/>
        <receiver android:enabled="true" android:exported="false" android:name="com.google.android.gms.measurement.AppMeasurementReceiver"/>
        <receiver android:enabled="true" android:exported="true" android:name="com.google.android.gms.measurement.AppMeasurementInstallReferrerReceiver" android:permission="android.permission.INSTALL_PACKAGES">
            <intent-filter>
                <action android:name="com.android.vending.INSTALL_REFERRER"/>
            </intent-filter>
        </receiver>
        <service android:enabled="true" android:exported="false" android:name="com.google.android.gms.measurement.AppMeasurementService"/>
        <service android:enabled="true" android:exported="false" android:name="com.google.android.gms.measurement.AppMeasurementJobService" android:permission="android.permission.BIND_JOB_SERVICE"/>
        <activity android:configChanges="orientation|screenSize" android:excludeFromRecents="true" android:exported="false" android:name="com.twitter.sdk.android.core.identity.OAuthActivity"/>
        <activity android:configChanges="keyboard|keyboardHidden|orientation|screenLayout|screenSize" android:name="com.android.billingclient.api.ProxyBillingActivity" android:theme="@android:style/Theme.Translucent.NoTitleBar"/>
        <provider android:authorities="com.qinbatista.demo.MarketingInitProvider" android:exported="false" android:name="com.facebook.marketing.internal.MarketingInitProvider"/>
        <provider android:authorities="com.qinbatista.demo.FacebookInitProvider" android:exported="false" android:name="com.facebook.internal.FacebookInitProvider"/>
        <receiver android:exported="false" android:name="com.facebook.CurrentAccessTokenExpirationBroadcastReceiver">
            <intent-filter>
                <action android:name="com.facebook.sdk.ACTION_CURRENT_ACCESS_TOKEN_CHANGED"/>
            </intent-filter>
        </receiver>
<!--end--><!--sdkxml-->    <uses-permission android:name="android.permission.ACCESS_NETWORK_STATE"/>
    <uses-permission android:name="android.permission.ACCESS_WIFI_STATE"/>
    <uses-permission android:name="android.permission.READ_PHONE_STATE"/>
    <uses-permission android:name="android.permission.INTERNET"/>
    <uses-permission android:name="android.permission.WRITE_EXTERNAL_STORAGE"/>
    <uses-permission android:name="android.permission.READ_EXTERNAL_STORAGE"/>
    <uses-permission android:name="com.android.vending.BILLING"/>
    <uses-permission android:name="android.permission.GET_TASKS"/>
    <uses-permission android:name="com.samsung.android.iap.permission.BILLING"/>
    <uses-permission android:name="android.permission.WAKE_LOCK"/>
    <uses-permission android:name="com.google.android.c2dm.permission.RECEIVE"/>
    <uses-permission android:name="com.google.android.finsky.permission.BIND_GET_INSTALL_REFERRER_SERVICE"/>
<!--end-->